order_id,customer_id,order_date,quantity,price,total,status,error
ORD1002,,2024-02-05,-1,20.0,-20.0,pending,"2 validation errors for Order
customer_id
  Input should be a valid integer [type=int_type, input_value=None, input_type=NoneType]
    For further information visit https://errors.pydantic.dev/2.12/v/int_type
quantity
  Input should be greater than or equal to 1 [type=greater_than_equal, input_value=-1, input_type=int]
    For further information visit https://errors.pydantic.dev/2.12/v/greater_than_equal"
ORDX003,456,2024-13-01,3,15.0,45.0,processing,"1 validation error for Order
order_date
  Input should be a valid date or datetime, month value is outside expected range of 1-12 [type=date_from_datetime_parsing, input_value='2024-13-01', input_type=str]
    For further information visit https://errors.pydantic.dev/2.12/v/date_from_datetime_parsing"
,789,not_a_date,5,-5.0,-25.0,completed,"3 validation errors for Order
order_id
  Input should be a valid string [type=string_type, input_value=None, input_type=NoneType]
    For further information visit https://errors.pydantic.dev/2.12/v/string_type
order_date
  Input should be a valid date or datetime, invalid character in year [type=date_from_datetime_parsing, input_value='not_a_date', input_type=str]
    For further information visit https://errors.pydantic.dev/2.12/v/date_from_datetime_parsing
price
  Input should be greater than 0 [type=greater_than, input_value=-5.0, input_type=float]
    For further information visit https://errors.pydantic.dev/2.12/v/greater_than"
ORD1005,abc,2024-03-20,0,10.0,0.0,shipped,"3 validation errors for Order
customer_id
  Input should be a valid integer, unable to parse string as an integer [type=int_parsing, input_value='abc', input_type=str]
    For further information visit https://errors.pydantic.dev/2.12/v/int_parsing
quantity
  Input should be greater than or equal to 1 [type=greater_than_equal, input_value=0, input_type=int]
    For further information visit https://errors.pydantic.dev/2.12/v/greater_than_equal
status
  Input should be 'pending', 'processing', 'completed' or 'cancelled' [type=literal_error, input_value='shipped', input_type=str]
    For further information visit https://errors.pydantic.dev/2.12/v/literal_error"
ORD1006,321,2024-02-29,1,12.5,25.0,PROCESSING,"1 validation error for Order
status
  Input should be 'pending', 'processing', 'completed' or 'cancelled' [type=literal_error, input_value='PROCESSING', input_type=str]
    For further information visit https://errors.pydantic.dev/2.12/v/literal_error"
ORD1007,654,2024-04-31,3,0.0,0.0,pending,"2 validation errors for Order
order_date
  Input should be a valid date or datetime, day value is outside expected range [type=date_from_datetime_parsing, input_value='2024-04-31', input_type=str]
    For further information visit https://errors.pydantic.dev/2.12/v/date_from_datetime_parsing
price
  Input should be greater than 0 [type=greater_than, input_value=0.0, input_type=float]
    For further information visit https://errors.pydantic.dev/2.12/v/greater_than"
